,expected,cellID,pulse_index,freq,sample_size,gamma,slope,r2_sdn,r2_lin
0,0,1000.0,1000.0,1000.0,2619,7.74277578125,0.59706796875,0.15984764027149345,0.07089327209208962
56,0,5611.0,1000.0,1000.0,234,5.6702101562500005,0.68379375,0.11184704339595464,-0.06022291178960004
57,0,5611.0,0.0,1000.0,26,13.810502734375,0.86747578125,0.1570824085200173,0.0551301982100183
58,0,5611.0,0.0,20.0,8,6.6953566406250005,0.65751484375,0.7231328534574722,0.7155763997518421
59,0,5611.0,0.0,50.0,6,61.96600859374999,1.0594703125,-0.9903744597575939,-0.9777996528826465
63,0,5611.0,1.0,1000.0,26,11.1668921875,0.822065625,0.3564303366067697,0.2565063597548023
64,0,5611.0,1.0,20.0,8,6.70937265625,0.6532203125,0.6535473773516572,0.6766706552784952
67,0,5611.0,1.0,30.0,5,16.09639140625,0.83925546875,0.9489522462595391,0.970469167692349
69,0,5611.0,2.0,1000.0,26,15.782082421875,0.904196875,-0.37760091369777715,-0.5433168799016845
70,0,5611.0,2.0,20.0,8,12.02773203125,0.779196875,0.5851318600265031,0.5537375637155482
73,0,5611.0,2.0,30.0,5,8.05429921875,0.763227734375,0.4189930361315348,0.07523714741683518
75,0,5611.0,3.0,1000.0,26,16.5789015625,0.869673046875,0.5225717069558571,0.473338535046228
76,0,5611.0,3.0,20.0,8,14.673872265625,0.80106953125,0.6627487052569071,0.6645771338522661
77,0,5611.0,3.0,50.0,6,26.22011484375,0.98496328125,-0.7664523062447333,-0.8404246926057828
78,0,5611.0,3.0,40.0,7,22.03359140625,1.024369921875,-2.8250917240737,-2.9801515182626384
79,0,5611.0,3.0,30.0,5,19.9714796875,0.876753125,0.9304397975976044,0.9260768112385428
81,0,5611.0,4.0,1000.0,26,4.5077683593749995,0.62626484375,0.20525535553584495,-0.0031342392138280495
82,0,5611.0,4.0,20.0,8,4.3471238281249995,0.5534109375,0.5215786503429283,0.5846508298049611
83,0,5611.0,4.0,50.0,6,6.619773046875,0.8250953125,-4.767641831176669,-5.770961195043818
84,0,5611.0,4.0,40.0,7,7.4863722656250005,0.859575,-1.3076281890349684,-2.0001295049678265
85,0,5611.0,4.0,30.0,5,3.3428175781249996,0.55312265625,0.7944082597263965,0.6183856042360988
87,0,5611.0,5.0,1000.0,26,3.6364304687500004,0.5768484375,0.08804507658675276,-0.1992692260200708
88,0,5611.0,5.0,20.0,8,3.8566453125000004,0.528764453125,0.6855363500532919,0.821946834161812
89,0,5611.0,5.0,50.0,6,3.4993117187499996,0.689553125,-4.804838661546192,-6.304350083382898
90,0,5611.0,5.0,40.0,7,6.953424999999999,0.836769921875,-0.8261473812287305,-1.3770327244465537
91,0,5611.0,5.0,30.0,5,2.444480078125,0.47979218749999997,0.2489129783568097,-0.8257648296010327
93,0,5611.0,6.0,1000.0,26,2.9929640624999996,0.53261484375,-0.39629593553284725,-1.194780177230585
94,0,5611.0,6.0,20.0,8,2.7604421874999994,0.452925,0.6582517000371368,0.546524959045575
95,0,5611.0,6.0,50.0,6,2.7040015625,0.62138203125,-11.255546815526571,-16.94988687921152
96,0,5611.0,6.0,40.0,7,5.606789453125,0.82393046875,-2.7614220018443234,-3.5654462094983908
97,0,5611.0,6.0,30.0,5,2.6924269531249996,0.502785546875,0.6447252321984629,-0.10467820879949863
99,0,5611.0,7.0,1000.0,26,2.557961328125,0.492143359375,-0.12131324329462334,-0.6522683689920139
100,0,5611.0,7.0,20.0,8,2.0208078125000006,0.38604218749999997,0.4017666973277463,0.576213463463249
101,0,5611.0,7.0,50.0,6,2.0813546875000006,0.5501046875,-4.038284674263068,-6.684316498898625
102,0,5611.0,7.0,40.0,7,6.1688453125,0.81962421875,-2.1500713066299304,-3.256793689855324
103,0,5611.0,7.0,30.0,5,2.830422265625,0.5182546875,-0.27847373574793144,-2.333765346157125
105,0,5611.0,8.0,1000.0,26,2.2667015625,0.46132578125,0.04015791604842056,-0.5289388173047167
106,0,5611.0,8.0,20.0,8,1.709028515625,0.3514625,0.48296478915868046,0.7027954238988752
107,0,5611.0,8.0,50.0,6,2.1051687499999994,0.55352265625,-2.836965944965882,-4.966652395785556
108,0,5611.0,8.0,40.0,7,4.6499464843750005,0.74375234375,-0.4123962301023809,-1.1342931932878226
109,0,5611.0,8.0,30.0,5,2.7175851562500006,0.5031296875,0.9049384196958998,0.5625105489479004
111,0,5291.0,1000.0,1000.0,288,5.509089062499999,0.66435078125,-1.7687911357526134,-2.5635396302439113
112,0,5291.0,0.0,1000.0,32,6.381159374999999,0.70253671875,-5.0778677294353365,-7.438526605824052
113,0,5291.0,0.0,20.0,8,5.457663671875,0.60518046875,-2.785827896909658,-4.664825990366874
114,0,5291.0,0.0,50.0,8,15.8112234375,0.9928640625,-4.8932412855393785,-5.479640904116653
115,0,5291.0,0.0,40.0,8,5.6130812500000005,0.6885765625,-11.590760101715288,-17.19918948472538
116,0,5291.0,0.0,30.0,8,5.784035546875,0.677878515625,-15.686695166223341,-22.140694136427783
118,0,5291.0,1.0,1000.0,32,6.381159374999999,0.70253671875,-5.0778677294353365,-7.438526605824052
119,0,5291.0,1.0,20.0,8,5.457663671875,0.60518046875,-2.785827896909658,-4.664825990366874
120,0,5291.0,1.0,50.0,8,15.8112234375,0.9928640625,-4.8932412855393785,-5.479640904116653
121,0,5291.0,1.0,40.0,8,5.6130812500000005,0.6885765625,-11.590760101715288,-17.19918948472538
122,0,5291.0,1.0,30.0,8,5.784035546875,0.677878515625,-15.686695166223341,-22.140694136427783
124,0,5291.0,2.0,1000.0,32,15.115434375,0.92558125,-3.8292131357490584,-4.3171893578220315
125,0,5291.0,2.0,20.0,8,52.334616796875,1.008344921875,-1.202088028194289,-1.2965501377718582
126,0,5291.0,2.0,50.0,8,31.240434375,1.197065625,-18.051872638602315,-17.522664333017023
127,0,5291.0,2.0,40.0,8,12.51816640625,0.926313671875,-4.816777335351909,-5.476242069151265
128,0,5291.0,2.0,30.0,8,4.876320703125,0.646040234375,-4.853892030493067,-6.614013259898196
130,0,5291.0,3.0,1000.0,32,6.8928664062500005,0.73661640625,-2.005542113435099,-2.6108213313077426
131,0,5291.0,3.0,20.0,8,12.98311015625,0.797175,-0.7498782411172797,-1.335416189763495
132,0,5291.0,3.0,50.0,8,18.702292578125,1.1170875,-12.105797206310143,-12.300221416221687
133,0,5291.0,3.0,40.0,8,6.434758593750001,0.770951953125,-1.651928916051053,-2.12607047194007
134,0,5291.0,3.0,30.0,8,2.2490675781249996,0.39813750000000003,-2.092886066108232,-3.7233808525296928
136,0,5291.0,4.0,1000.0,32,5.3689406250000005,0.66766875,-2.0318531400662136,-2.798198482796951
137,0,5291.0,4.0,20.0,8,4.1867234374999995,0.53183828125,-5.045997715588566,-8.935479073844622
138,0,5291.0,4.0,50.0,8,32.54062734375,1.1902296875,-18.591366897737213,-18.05492764542603
139,0,5291.0,4.0,40.0,8,6.5925734375000005,0.75947734375,-1.108288188520635,-1.4157870964685668
140,0,5291.0,4.0,30.0,8,2.9254929687500004,0.4777390625,-3.235936843500453,-5.602340598388911
142,0,5291.0,5.0,1000.0,32,4.00840078125,0.57353046875,-1.5042131554269909,-2.3741524610149436
143,0,5291.0,5.0,20.0,8,2.953225,0.4295875,-2.7367534006426237,-5.375397318666517
144,0,5291.0,5.0,50.0,8,16.3992140625,1.051801953125,-7.520946200700839,-7.9652798652540895
145,0,5291.0,5.0,40.0,8,6.5817429687499995,0.7375046875,-0.7981725859664823,-1.0630419523393129
146,0,5291.0,5.0,30.0,8,1.98573984375,0.36592265625,-3.2944211924991746,-6.98690561331132
148,0,5291.0,6.0,1000.0,32,4.481589453125,0.59795625,-1.395089759183639,-2.302877640204874
149,0,5291.0,6.0,20.0,8,4.51796640625,0.550148828125,-18.129114516321938,-33.483138642271705
150,0,5291.0,6.0,50.0,8,7.5704125,0.867331640625,-9.303403559576976,-11.22026155914043
151,0,5291.0,6.0,40.0,8,6.1905296875,0.7118140625,-0.43942558757278993,-0.7135686505937935
152,0,5291.0,6.0,30.0,8,2.39394296875,0.4167921875,-2.6434622139086597,-7.346288879463275
154,0,5291.0,7.0,1000.0,32,4.1532203125,0.57255390625,-0.9967868243744524,-1.6993032005087736
155,0,5291.0,7.0,20.0,8,5.2642042968750005,0.576127734375,-0.02565511112473473,-0.6191224006813663
156,0,5291.0,7.0,50.0,8,7.2733375,0.827192578125,-11.094342740900593,-13.86670424499408
157,0,5291.0,7.0,40.0,8,4.2195265625000005,0.605424609375,-0.3624657060888825,-0.6887453794165772
158,0,5291.0,7.0,30.0,8,2.1627859374999994,0.390769140625,-1.3149632749026248,-2.5826250731494977
160,0,5291.0,8.0,1000.0,32,3.18105234375,0.500832421875,-2.009376090210887,-3.3940404031761933
161,0,5291.0,8.0,20.0,8,3.5114304687500004,0.48076874999999997,-1.9412859257534514,-3.7657874798841764
162,0,5291.0,8.0,50.0,8,7.129094531250001,0.821821484375,-5.024192206817189,-6.275911149183738
163,0,5291.0,8.0,40.0,8,2.484275,0.4562546875,-1.4028691662965382,-2.5588076660652836
164,0,5291.0,8.0,30.0,8,2.02109609375,0.37168203125,-2.8999604552828777,-5.498675444781146
166,0,5211.0,1000.0,1000.0,288,2.8230421874999996,0.4779832031250001,0.12966660423542964,-0.002176647362042594
167,0,5211.0,0.0,1000.0,32,7.2830031250000005,0.692426953125,0.5008181568573395,0.4690714507530377
168,0,5211.0,0.0,20.0,8,4.98378671875,0.57393046875,0.7857916721072675,0.7914827420110856
170,0,5211.0,0.0,40.0,8,3.929055078125,0.57773671875,0.7948500535967269,0.8198217804346462
171,0,5211.0,0.0,30.0,8,4.53945078125,0.572365625,0.7487701826566527,0.8728546823107957
173,0,5211.0,1.0,1000.0,32,7.2830031250000005,0.692426953125,0.5008181568573395,0.4690714507530377
174,0,5211.0,1.0,20.0,8,4.98378671875,0.57393046875,0.7857916721072675,0.7914827420110856
176,0,5211.0,1.0,40.0,8,3.929055078125,0.57773671875,0.7948500535967269,0.8198217804346462
177,0,5211.0,1.0,30.0,8,4.53945078125,0.572365625,0.7487701826566527,0.8728546823107957
179,0,5211.0,2.0,1000.0,32,4.3903367187499995,0.592729296875,0.049353126965589356,-0.11387377242401153
180,0,5211.0,2.0,20.0,8,4.4691941406249995,0.552878515625,0.8662593173053633,0.7192889598005189
182,0,5211.0,2.0,40.0,8,1.109175,0.274369921875,-0.5646985577710228,-1.7526389763522827
183,0,5211.0,2.0,30.0,8,2.32480703125,0.422075,-0.06990875971953803,-2.261153279794397
185,0,5211.0,3.0,1000.0,32,3.4193894531250004,0.52675546875,0.11417512808069652,-0.05654070496463848
186,0,5211.0,3.0,20.0,8,3.2809617187500004,0.4799363281249999,0.40278684707620727,0.3003499772365257
188,0,5211.0,3.0,40.0,8,1.11972890625,0.286965234375,-0.06680070185262266,-0.4752487033235304
189,0,5211.0,3.0,30.0,8,2.4230515625000004,0.4325171875,0.6696114471256671,0.4394075499946897
191,0,5211.0,4.0,1000.0,32,2.5114304687500004,0.45038359375000003,0.11663846127400546,-0.11084226729136692
192,0,5211.0,4.0,20.0,8,2.5259230468749996,0.417436328125,0.5149806014873598,0.30801294239158483
193,0,5211.0,4.0,50.0,8,20.319380078125,0.9127859375,0.4394207166378392,0.37631948066825693
194,0,5211.0,4.0,40.0,8,0.931440625,0.2528296875,-0.2972866393725375,-1.6929340456277062
195,0,5211.0,4.0,30.0,8,1.71220234375,0.35605703125,0.6864997825783299,0.507028207051462
197,0,5211.0,5.0,1000.0,32,2.1690453125,0.41483906250000013,0.033638408156678956,-0.3081746806386463
198,0,5211.0,5.0,20.0,8,2.816262109375,0.443559375,-0.023988236014715003,-0.8992945799025596
199,0,5211.0,5.0,50.0,8,8.76581328125,0.7917921875,0.3716939319985364,0.20909818713336525
200,0,5211.0,5.0,40.0,8,0.8698171875,0.237160546875,-0.457188613626474,-2.9741703245256477
201,0,5211.0,5.0,30.0,8,1.16660390625,0.27968515625,0.2427933557417824,-0.040097405721344126
203,0,5211.0,6.0,1000.0,32,1.499855859375,0.33046640625,-0.019299494590351296,-0.38170745416391316
204,0,5211.0,6.0,20.0,8,1.96748515625,0.361128125,0.4979914844351566,0.010745904046807864
205,0,5211.0,6.0,50.0,8,5.5769484375000005,0.7039015625,0.10591310115492814,-0.2688783081627386
206,0,5211.0,6.0,40.0,8,0.5632765625,0.15801484374999997,-0.7564387923860092,-4.210565047417683
207,0,5211.0,6.0,30.0,8,0.72422109375,0.19111796874999998,-0.021121700023369216,-1.95927461028384
209,0,5211.0,7.0,1000.0,32,1.3741234375,0.3132765625,0.014470523153382597,-0.23411588308865494
210,0,5211.0,7.0,20.0,8,2.0046828124999996,0.367043359375,0.4314225338967582,0.4085987066293765
211,0,5211.0,7.0,50.0,8,4.45566640625,0.6554734375,-0.25964038285823365,-0.7830014971276531
212,0,5211.0,7.0,40.0,8,0.4637671875,0.13896015625000002,-0.24112279538216508,-2.2069199566477966
213,0,5211.0,7.0,30.0,8,0.619040625,0.16523906249999998,-0.16447563055462666,-4.56219781576741
215,0,5211.0,8.0,1000.0,32,1.236228125,0.287309375,-0.0870247185367683,-0.5464836204104275
216,0,5211.0,8.0,20.0,8,1.224409375,0.26015390625,0.30267081208967705,-1.6246550553932724
217,0,5211.0,8.0,50.0,8,5.002097265625,0.679731640625,-0.16275459564409744,-0.7232441504436398
218,0,5211.0,8.0,40.0,8,0.6024390625,0.17402812499999998,-0.34073069353669716,-1.699599616979595
219,0,5211.0,8.0,30.0,8,0.593794140625,0.164206640625,0.09664095780767168,-0.8899813935378602
223,0,3882.0,0.0,20.0,8,33.66679218749999,0.8782296875,0.6761395289118368,0.6186010281925189
226,0,3882.0,0.0,30.0,8,70.91229765624999,0.95819609375,0.7826173225429738,0.7562167485637606
229,0,3882.0,1.0,20.0,8,33.66679218749999,0.8782296875,0.6761395289118368,0.6186010281925189
232,0,3882.0,1.0,30.0,8,70.91229765624999,0.95819609375,0.7826173225429738,0.7562167485637606
250,0,3882.0,4.0,30.0,8,62.62860624999999,0.970803125,0.37266392273836935,0.32307615114602983
252,0,3882.0,5.0,1000.0,32,56.42158671875001,0.962790625,0.382811681264978,0.32301766192102654
253,0,3882.0,5.0,20.0,8,19.08925546875,0.794821875,0.6835989542915035,0.4731372933067034
256,0,3882.0,5.0,30.0,8,22.49589375,0.8387671875,0.5511232749260558,0.3380781369191591
258,0,3882.0,6.0,1000.0,32,27.887062890625,0.871237890625,0.49711753087365207,0.37193408863951793
259,0,3882.0,6.0,20.0,8,17.414206640625,0.7628953125,0.8283632418149809,0.7508281915494407
261,0,3882.0,6.0,40.0,8,24.094194140625,0.859175,0.32475623903102036,0.1276817036214669
262,0,3882.0,6.0,30.0,8,25.87774140625,0.854348046875,0.6688545454025632,0.5518696179761379
264,0,3882.0,7.0,1000.0,32,19.55928203125,0.80352265625,0.6837310110577474,0.521072448103824
265,0,3882.0,7.0,20.0,8,14.22772734375,0.7156203125,0.9264586798606637,0.8881485826219455
266,0,3882.0,7.0,50.0,8,29.4997,0.89569609375,0.015488348978466626,-0.27501969229068357
267,0,3882.0,7.0,40.0,8,20.517722265625,0.8175828125,0.7004400006221869,0.48601660551946246
268,0,3882.0,7.0,30.0,8,19.0575171875,0.79618671875,0.7631489426555239,0.6171670222389375
270,0,3882.0,8.0,1000.0,32,14.75420625,0.7450171875,0.6269495334262656,0.4587643654013689
271,0,3882.0,8.0,20.0,8,20.835493359375,0.7917921875,0.8029814886409821,0.7581054542979799
272,0,3882.0,8.0,50.0,8,21.670942578125,0.8289015625,0.7158204464636823,0.5321424401653919
273,0,3882.0,8.0,40.0,8,9.740334375,0.663130078125,0.39309725401058104,-0.3480909006778141
274,0,3882.0,8.0,30.0,8,11.83281953125,0.6964890625,0.533337055400789,0.3665366452265745
276,0,3872.0,1000.0,1000.0,288,4.7207472656250005,0.5362328125,0.13036038527161153,0.14241606036381493
278,0,3872.0,0.0,20.0,8,34.87168203125,0.85713359375,0.7527431688339788,0.7805626963566009
284,0,3872.0,1.0,20.0,8,34.87168203125,0.85713359375,0.7527431688339788,0.7805626963566009
290,0,3872.0,2.0,20.0,8,22.956098828125,0.801225390625,0.597995595289738,0.6422332924300673
295,0,3872.0,3.0,1000.0,32,8.126997265625,0.66670390625,0.17223475163690216,0.13698066822437227
296,0,3872.0,3.0,20.0,8,5.4695265625000005,0.534712109375,0.46744712716146386,0.6382087637850098
297,0,3872.0,3.0,50.0,8,7.7697312499999995,0.7078078125,-7.038179067264931,-9.128526081171566
298,0,3872.0,3.0,40.0,8,7.5285203124999995,0.682173046875,-0.5681437424710112,-1.1002406420208555
299,0,3872.0,3.0,30.0,8,16.23563984375,0.78096171875,0.4668363063556381,0.50896019797704
301,0,3872.0,4.0,1000.0,32,2.94081796875,0.427634375,0.1030359811063365,0.10305629468726629
302,0,3872.0,4.0,20.0,8,1.938920703125,0.33329609375,0.23589073067119737,0.5737679936793465
303,0,3872.0,4.0,50.0,8,3.2086960937500004,0.478315625,-7.7162472562439905,-12.42261751959662
304,0,3872.0,4.0,40.0,8,3.1405808593750004,0.45448984375,-1.5469961032729218,-3.751934834648414
305,0,3872.0,4.0,30.0,8,3.74179921875,0.4796363281250001,0.39652538158497364,0.6164176578217888
307,0,3872.0,5.0,1000.0,32,1.5417921875,0.2863328125,0.04585539928840521,-0.00991192566396304
308,0,3872.0,5.0,20.0,8,0.929055078125,0.21650859374999998,0.15208523779772043,0.5697813507120839
309,0,3872.0,5.0,50.0,8,2.3563453125,0.39433125,-1.9804269801303858,-3.7670529325105093
310,0,3872.0,5.0,40.0,8,1.73203359375,0.30537578125,-0.463759945768931,-1.6730381804928962
311,0,3872.0,5.0,30.0,8,1.334028515625,0.27207265625,0.2838597221263418,0.6110217207524584
313,0,3872.0,6.0,1000.0,32,0.9114328125,0.19805390625000008,0.02206594379903548,0.003212399187471182
314,0,3872.0,6.0,20.0,8,1.113813671875,0.23368671875000002,0.15352692163771875,0.4611052413330077
315,0,3872.0,6.0,50.0,8,1.874855859375,0.3390671875,-0.1680254438394584,-0.9762543448779006
316,0,3872.0,6.0,40.0,8,0.570168359375,0.11738750000000012,-0.40846177428469144,-2.089212487410202
317,0,3872.0,6.0,30.0,8,0.4230515625,0.117231640625,0.021349206097314943,0.18206754177735252
319,0,3872.0,7.0,1000.0,32,0.39511953125,0.092241015625,-0.015008231115559267,-0.07835028295127722
320,0,3872.0,7.0,20.0,8,0.6515671875,0.135598046875,0.07663163199916512,-0.05863100937988053
321,0,3872.0,7.0,50.0,8,1.193503515625,0.251753125,-0.09551244685967886,-0.27921072769099875
322,0,3872.0,7.0,40.0,8,0.13285664062500002,0.0164015625,0.0008337461127954082,-0.12965772918547191
325,0,3872.0,8.0,1000.0,32,0.2528296875,0.079978125,0.005528309742449888,0.0769207287199355
326,0,3872.0,8.0,20.0,8,0.759321484375,0.17118671875000002,0.15213198475145973,0.40787276497247504
327,0,3872.0,8.0,50.0,8,0.429543359375,0.122026171875,-0.0882434191138377,-0.035219078818557126
329,0,3872.0,8.0,30.0,8,0.04755156249999999,0.0225609375,-0.00013617698028323133,0.012400393825872769
331,0,3791.0,1000.0,1000.0,252,1.79042734375,0.31191171875,0.11472907103341257,-0.3603834080355037
332,0,3791.0,0.0,1000.0,28,1.72324453125,0.302690234375,0.017945728061942612,-0.5171754934165516
333,0,3791.0,0.0,20.0,8,1.14178984375,0.20390156250000002,-0.23635442908628956,-6.280121931892487
334,0,3791.0,0.0,50.0,8,1.29170390625,0.28594453124999997,0.1250313947438343,0.03381965044980795
335,0,3791.0,0.0,40.0,5,2.5049828125,0.388627734375,0.5973567835365616,0.7617588544259732
336,0,3791.0,0.0,30.0,7,2.4367234375000004,0.37909453125000003,-1.610654564160909,-3.5945836821095973
338,0,3791.0,1.0,1000.0,28,1.72324453125,0.302690234375,0.017945728061942612,-0.5171754934165516
339,0,3791.0,1.0,20.0,8,1.14178984375,0.20390156250000002,-0.23635442908628956,-6.280121931892487
340,0,3791.0,1.0,50.0,8,1.29170390625,0.28594453124999997,0.1250313947438343,0.03381965044980795
341,0,3791.0,1.0,40.0,5,2.5049828125,0.388627734375,0.5973567835365616,0.7617588544259732
342,0,3791.0,1.0,30.0,7,2.4367234375000004,0.37909453125000003,-1.610654564160909,-3.5945836821095973
344,0,3791.0,2.0,1000.0,28,2.2371046874999996,0.3584984375,0.2422349805701408,-0.3110706656048632
345,0,3791.0,2.0,20.0,8,1.334084375,0.23661640625000002,0.008270690884296772,-1.4149143756922236
346,0,3791.0,2.0,50.0,8,2.4645554687500004,0.40986796875,0.40202911725439316,-0.175000247814733
347,0,3791.0,2.0,40.0,5,2.7336984375000006,0.4049851562500001,0.41831842510752903,-0.16033496502285538
348,0,3791.0,2.0,30.0,7,3.1378953125000004,0.44297109375,0.3689768411424006,0.10436215618017153
350,0,3791.0,3.0,1000.0,28,1.708784375,0.30385507812499996,-0.06273464434992282,-0.5125892605450275
351,0,3791.0,3.0,20.0,8,1.56308828125,0.26786640625,-0.04144081528391874,-0.6551048971713798
352,0,3791.0,3.0,50.0,8,2.5315382812499996,0.4132859375,0.16843045693700187,-0.4118077145957386
353,0,3791.0,3.0,40.0,5,1.590287890625,0.3015578125,0.16767550076348325,0.3025293198486001
354,0,3791.0,3.0,30.0,7,1.3985375,0.2668015625,-0.5195873166067906,-1.1916455155171284
356,0,3791.0,4.0,1000.0,28,1.96024921875,0.3309546875,0.1585123429930997,-0.44554488361938205
357,0,3791.0,4.0,20.0,8,1.184526171875,0.21577617187499995,-0.8437949882426312,-3.441193810765597
358,0,3791.0,4.0,50.0,8,2.9557664062500004,0.4503953125,0.5015259337556747,0.23846923533887965
359,0,3791.0,4.0,40.0,5,2.0609910156250004,0.34639140625,0.7564857444964902,0.7539683311906904
360,0,3791.0,4.0,30.0,7,2.3600632812500004,0.3777296875,0.038191957184146474,-0.9513259180813611
362,0,3791.0,5.0,1000.0,28,1.80019296875,0.313032421875,0.06110083422504897,-0.6078684941751378
363,0,3791.0,5.0,20.0,8,1.33223125,0.23750468749999998,0.1734233095766744,-1.0755024779443016
364,0,3791.0,5.0,50.0,8,2.5459984375,0.42157500000000003,-0.010571822657831964,-0.3745678030826398
365,0,3791.0,5.0,40.0,5,1.603715625,0.293601171875,0.5599005339463117,0.20614582298397677
366,0,3791.0,5.0,30.0,7,2.058737890625,0.3431175781250001,0.19136189614318633,-0.6143493385273915
368,0,3791.0,6.0,1000.0,28,1.752097265625,0.3123,0.17094473576538294,-0.035924018066330055
369,0,3791.0,6.0,20.0,8,1.3113234375,0.24102265624999997,0.19590013455565036,-0.14146916678067267
370,0,3791.0,6.0,50.0,8,1.8268484375,0.34208515625,-0.14967173488602104,-0.7175771393611727
371,0,3791.0,6.0,40.0,5,2.1487257812499996,0.356589453125,0.46152768116490805,0.47579480721953005
372,0,3791.0,6.0,30.0,7,2.0129835937499996,0.34893281249999997,0.3491917157515836,0.5163543658073121
374,0,3791.0,7.0,1000.0,28,1.71454375,0.3049875000000001,0.2990309394896328,0.03490952559605587
375,0,3791.0,7.0,20.0,8,1.63350078125,0.271340234375,0.29241053523689575,-1.1265507453887813
376,0,3791.0,7.0,50.0,8,1.45341328125,0.29853984375,0.27466016631643286,0.01979392639225719
377,0,3791.0,7.0,40.0,5,3.0507371093750004,0.435502734375,0.5436286479579484,0.7544135252132904
378,0,3791.0,7.0,30.0,7,1.30098125,0.251420703125,-0.010275305919845934,-1.3112799345661044
380,0,3791.0,8.0,1000.0,28,1.548928125,0.279441015625,0.18710918311622704,-0.4988827396924136
381,0,3791.0,8.0,20.0,8,1.259909765625,0.21787343749999996,-0.8868470549663199,-4.14060518999431
382,0,3791.0,8.0,50.0,8,1.167824609375,0.2557152343750001,0.10909131455333454,-0.36285522129243275
383,0,3791.0,8.0,40.0,5,1.9774390625,0.32676015625,0.17351044304578656,-0.615340886709306
384,0,3791.0,8.0,30.0,7,2.02793203125,0.34355,0.7357678886402785,0.6700413511601824
386,0,3781.0,1000.0,1000.0,288,3.1535203125000004,0.4346703125,0.5574891769514918,0.68174533997626
387,0,3781.0,0.0,1000.0,32,3.82948984375,0.47529765625,0.5950522673483709,0.7696746224324765
388,0,3781.0,0.0,20.0,8,3.3645578125000006,0.41142109375,0.5748507541170006,0.8719451004732586
389,0,3781.0,0.0,50.0,8,5.7579125,0.61289296875,0.6916995464507151,0.8088551602279689
390,0,3781.0,0.0,40.0,8,3.26894296875,0.4660203125,0.564892269762504,0.7835421405760783
391,0,3781.0,0.0,30.0,8,3.9840867187500004,0.486528125,0.5968530445195989,0.7962734677238338
393,0,3781.0,1.0,1000.0,32,3.82948984375,0.47529765625,0.5950522673483709,0.7696746224324765
394,0,3781.0,1.0,20.0,8,3.3645578125000006,0.41142109375,0.5748507541170006,0.8719451004732586
395,0,3781.0,1.0,50.0,8,5.7579125,0.61289296875,0.6916995464507151,0.8088551602279689
396,0,3781.0,1.0,40.0,8,3.26894296875,0.4660203125,0.564892269762504,0.7835421405760783
397,0,3781.0,1.0,30.0,8,3.9840867187500004,0.486528125,0.5968530445195989,0.7962734677238338
399,0,3781.0,2.0,1000.0,32,6.3437058593749995,0.586081640625,0.7310684427315164,0.8448439314863432
400,0,3781.0,2.0,20.0,8,5.3595749999999995,0.509565625,0.7171586739623861,0.9362316944310235
401,0,3781.0,2.0,50.0,8,8.908247265625,0.69960703125,0.7636719862094938,0.8522119173821499
402,0,3781.0,2.0,40.0,8,8.203957421875,0.662253515625,0.7695492660166207,0.8766711050296199
403,0,3781.0,2.0,30.0,8,5.632512500000001,0.564253125,0.7386210331418872,0.8806889114559588
405,0,3781.0,3.0,1000.0,32,3.573386328125,0.4623023437500001,0.6564143664317577,0.7271131886950215
406,0,3781.0,3.0,20.0,8,2.6676687499999994,0.36171640625,0.63810748575835,0.8636629003956573
407,0,3781.0,3.0,50.0,8,4.6261765624999995,0.5710890625,0.7379813113779028,0.8711432629164201
408,0,3781.0,3.0,40.0,8,4.845847265625,0.56113515625,0.7398949790621621,0.8052619360314303
409,0,3781.0,3.0,30.0,8,3.4929640624999996,0.4606492187500001,0.6727006117513201,0.8475376522789805
411,0,3781.0,4.0,1000.0,32,3.1706984374999996,0.43613515625,0.6311425690036798,0.7098713346494093
412,0,3781.0,4.0,20.0,8,2.2899949218750004,0.33261953125,0.556934141329666,0.8518237770816631
413,0,3781.0,4.0,50.0,8,3.9069382812500004,0.53446796875,0.7567683462434951,0.9044316461845877
414,0,3781.0,4.0,40.0,8,4.0932175781249995,0.522905078125,0.6767173290152859,0.7507660796656279
415,0,3781.0,4.0,30.0,8,3.3889718750000006,0.454545703125,0.7089664048182299,0.8537554321682381
417,0,3781.0,5.0,1000.0,32,2.6444871093750004,0.396384375,0.6180837534225427,0.7277752085601906
418,0,3781.0,5.0,20.0,8,1.85605703125,0.2948218750000001,0.5424055791142688,0.9607937538994783
419,0,3781.0,5.0,50.0,8,3.427834375,0.50420625,0.7504887699557934,0.9212066416147272
420,0,3781.0,5.0,40.0,8,3.60390390625,0.49541718749999997,0.7037264221167636,0.7746402902401132
421,0,3781.0,5.0,30.0,8,2.611428125,0.39707265625,0.7154976102787706,0.9545507681403178
423,0,3781.0,6.0,1000.0,32,2.33144296875,0.36845234375,0.5786718661002773,0.6220009073308208
424,0,3781.0,6.0,20.0,8,1.511674609375,0.25331796875,0.5744802451339763,0.7903671849265854
425,0,3781.0,6.0,50.0,8,3.30995859375,0.4979027343750001,0.7379082585458161,0.8905988927693268
426,0,3781.0,6.0,40.0,8,2.913430078125,0.447121484375,0.6854482026139863,0.7908149244280482
427,0,3781.0,6.0,30.0,8,2.542336328125,0.3908250000000001,0.6739662192398299,0.925730538648213
429,0,3781.0,7.0,1000.0,32,2.2560593750000004,0.36308125,0.529392600519501,0.6401024697287406
430,0,3781.0,7.0,20.0,8,1.74619375,0.2833472656250001,0.4630900081733824,0.8267303304358758
431,0,3781.0,7.0,50.0,8,3.0602585937500004,0.4827218750000001,0.6440280620184384,0.7692278781936538
432,0,3781.0,7.0,40.0,8,2.8396554687500006,0.4386765625,0.6091340110549613,0.7778218746734734
433,0,3781.0,7.0,30.0,8,2.0246140625000004,0.34281757812500013,0.6174341791870359,0.7814352559379192
435,0,3781.0,8.0,1000.0,32,2.0850609375,0.34745625,0.501237327955255,0.6150214332597765
436,0,3781.0,8.0,20.0,8,1.6647390625,0.275590625,0.45133043108605475,0.825407183728166
437,0,3781.0,8.0,50.0,8,3.125832421875,0.48700468750000003,0.6729808540898903,0.7784520860554847
438,0,3781.0,8.0,40.0,8,2.4241164062499996,0.4050734375,0.5852794090842125,0.7596146612408154
439,0,3781.0,8.0,30.0,8,1.765425,0.31718281250000013,0.5069141046948377,0.7560273265460449
441,0,3402.0,1000.0,1000.0,288,7.334660937500001,0.46640859375,0.38548564154619414,0.08067077811105605
442,0,3402.0,0.0,1000.0,32,4.197453906250001,0.33554921875,-0.6663900277694192,-2.995262238342951
443,0,3402.0,0.0,20.0,8,4.3039109374999995,0.3428734375,0.20201860125376914,-0.7743431474167746
444,0,3402.0,0.0,50.0,8,4.8532273437499995,0.37138203125,-3.3407174874094148,-8.063461774938355
445,0,3402.0,0.0,40.0,8,3.8493210937500004,0.31571796875000013,-0.3418613177720655,-3.8481375537829114
446,0,3402.0,0.0,30.0,8,3.82431875,0.31416484375,-0.5769996550585685,-3.7006316493636042
448,0,3402.0,1.0,1000.0,32,4.197453906250001,0.33554921875,-0.6663900277694192,-2.995262238342951
449,0,3402.0,1.0,20.0,8,4.3039109374999995,0.3428734375,0.20201860125376914,-0.7743431474167746
450,0,3402.0,1.0,50.0,8,4.8532273437499995,0.37138203125,-3.3407174874094148,-8.063461774938355
451,0,3402.0,1.0,40.0,8,3.8493210937500004,0.31571796875000013,-0.3418613177720655,-3.8481375537829114
452,0,3402.0,1.0,30.0,8,3.82431875,0.31416484375,-0.5769996550585685,-3.7006316493636042
454,0,3402.0,2.0,1000.0,32,11.9618140625,0.59004375,0.6021002574652833,0.20228734211713917
455,0,3402.0,2.0,20.0,8,9.6628859375,0.533058984375,0.7732034934885099,0.10545239196780187
456,0,3402.0,2.0,50.0,8,18.309426171875,0.70331328125,0.45048687578323,0.13180239638772384
457,0,3402.0,2.0,40.0,8,12.1481375,0.591996875,0.8106627625323499,0.5176996644618315
458,0,3402.0,2.0,30.0,8,10.018110546875,0.542824609375,0.7215223607387977,0.20865801890457814
460,0,3402.0,3.0,1000.0,32,14.40020234375,0.628373828125,0.6816945098362426,0.5493151412522166
461,0,3402.0,3.0,20.0,8,9.658647265625,0.53261484375,0.4701112740340021,0.16646955796751994
462,0,3402.0,3.0,50.0,8,23.021340234375,0.74052265625,0.7124284024854023,0.5991806424282744
463,0,3402.0,3.0,40.0,8,17.6336890625,0.67303984375,0.8663275017016263,0.7665078128722197
464,0,3402.0,3.0,30.0,8,12.15615,0.580278125,0.8374359977651458,0.8010638372112402
466,0,3402.0,4.0,1000.0,32,10.5872140625,0.55342265625,0.6699849084492118,0.5076790250428702
467,0,3402.0,4.0,20.0,8,7.2771437500000005,0.458840234375,0.7853840096226572,0.6356836955532714
468,0,3402.0,4.0,50.0,8,20.3546921875,0.706498828125,0.7895858535307404,0.7280107911270003
469,0,3402.0,4.0,40.0,8,11.974753515625,0.589987890625,0.668542880399861,0.2699243449563199
470,0,3402.0,4.0,30.0,8,7.771384375,0.475053515625,0.8565399191313027,0.6630348086586504
472,0,3402.0,5.0,1000.0,32,8.21494375,0.4910109375,0.6388336715167403,0.43006908877224115
473,0,3402.0,5.0,20.0,8,6.5712449218749995,0.433061328125,0.8447556710512838,0.7745640242698654
474,0,3402.0,5.0,50.0,8,14.013571875,0.6218703125,0.7712337344082385,0.6970404825738785
475,0,3402.0,5.0,40.0,8,8.807273046875,0.51436015625,0.5388962025088803,-0.18067566082803888
476,0,3402.0,5.0,30.0,8,5.8537156249999995,0.408735546875,0.6633178368762953,0.3350316513763236
478,0,3402.0,6.0,1000.0,32,6.619328906250001,0.441362109375,0.45250089721120024,0.1766264143182108
479,0,3402.0,6.0,20.0,8,4.370417187499999,0.349809375,0.4548981540376884,0.5320983145686938
480,0,3402.0,6.0,50.0,8,10.55019296875,0.5592703125,0.6073818003586059,0.3803247963927341
481,0,3402.0,6.0,40.0,8,8.071244921875,0.49247578125000013,0.5736782053720533,-0.08840401709736567
482,0,3402.0,6.0,30.0,8,5.07363046875,0.3777855468750001,0.5058241267329815,-0.15561318988440243
484,0,3402.0,7.0,1000.0,32,6.0339796875000005,0.417924609375,0.4228377233711095,0.11790408189791435
485,0,3402.0,7.0,20.0,8,3.4533132812499994,0.2960425781250001,0.3710791728968743,-0.2056335262128839
486,0,3402.0,7.0,50.0,8,8.993696484375,0.521384375,0.44696675725676893,0.13441474698140998
487,0,3402.0,7.0,40.0,8,7.074407031250001,0.45819609375000003,0.6783172240824783,0.14594063217193665
488,0,3402.0,7.0,30.0,8,5.914894921875,0.40879140625,0.5484105097298134,0.38022941141847444
490,0,3402.0,8.0,1000.0,32,5.6603562499999995,0.40350859375000003,0.46620664358592045,0.15183663751936372
491,0,3402.0,8.0,20.0,8,5.037785937500001,0.372846875,0.5381892405176503,0.38540040157113653
492,0,3402.0,8.0,50.0,8,6.5722214843749995,0.446921484375,0.08230291063226292,-0.5841325232783228
493,0,3402.0,8.0,40.0,8,6.06504140625,0.4191453125,0.6805906380949982,0.3866736080631077
494,0,3402.0,8.0,30.0,8,5.1180640625,0.380415234375,0.5055826456268945,0.296028212998114
496,0,2331.0,1000.0,1000.0,270,2.5021531250000004,0.43691171875,-0.3964433973562411,-0.9579566902996897
497,0,2331.0,0.0,1000.0,30,3.8694406250000006,0.534712109375,0.634813476519408,0.6354850257392473
498,0,2331.0,0.0,20.0,10,4.2781203125000005,0.53135,0.46966034041970284,0.5041512250808464
499,0,2331.0,0.0,50.0,10,3.5153249999999994,0.51288359375,0.7264291170705512,0.7130097390783569
502,0,2331.0,0.0,100.0,10,3.097512109375,0.66855703125,0.5536351273409346,0.5366029827431162
503,0,2331.0,1.0,1000.0,30,3.8694406250000006,0.534712109375,0.634813476519408,0.6354850257392473
504,0,2331.0,1.0,20.0,10,4.2781203125000005,0.53135,0.46966034041970284,0.5041512250808464
505,0,2331.0,1.0,50.0,10,3.5153249999999994,0.51288359375,0.7264291170705512,0.7130097390783569
508,0,2331.0,1.0,100.0,10,3.097512109375,0.66855703125,0.5536351273409346,0.5366029827431162
509,0,2331.0,2.0,1000.0,30,4.0114304687499995,0.564653125,-1.5745433842984333,-2.7418114052429012
510,0,2331.0,2.0,20.0,10,3.0120070312499996,0.45038359375000003,0.22969078051429137,-0.299901783019338
511,0,2331.0,2.0,50.0,10,3.73769296875,0.53349140625,0.4014951092700594,-0.2882079385763987
515,0,2331.0,3.0,1000.0,30,3.18105234375,0.50409453125,-1.5827261299811148,-2.6431707027711147
516,0,2331.0,3.0,20.0,10,2.44297109375,0.40010234375,0.481746129530052,0.1446348256864055
517,0,2331.0,3.0,50.0,10,2.55312265625,0.43876484375,-0.16059398884723053,-1.8404670896242958
521,0,2331.0,4.0,1000.0,30,2.2829148437500004,0.415915625,-1.2910134159288305,-2.2682766938401455
522,0,2331.0,4.0,20.0,10,1.531782421875,0.299028125,0.4126026975642352,0.07955543229194573
523,0,2331.0,4.0,50.0,10,1.802934375,0.35478046874999997,-1.2416660819743974,-4.592152493502967
527,0,2331.0,5.0,1000.0,30,1.86777578125,0.36298125000000003,-1.0654487210750618,-2.1165298192916904
528,0,2331.0,5.0,20.0,10,1.16025625,0.244040625,0.714865960820348,-0.4534561868075313
529,0,2331.0,5.0,50.0,10,1.60195078125,0.32938984375,-0.1406010628129033,-1.248366086586873
533,0,2331.0,6.0,1000.0,30,1.834128515625,0.35956328125000003,-0.8883888080127229,-1.9714399848597086
534,0,2331.0,6.0,20.0,10,1.179155078125,0.24843515625,0.5771749528775563,-0.11122567059561872
535,0,2331.0,6.0,50.0,10,1.6965890625,0.3425734375,0.3003887487506305,-0.10529224940395698
539,0,2331.0,7.0,1000.0,30,1.699074609375,0.341352734375,-0.5528673892814986,-1.5182017262912355
540,0,2331.0,7.0,20.0,10,1.23954609375,0.2570359375,0.5566070563553009,0.3957571625640999
541,0,2331.0,7.0,50.0,10,1.50810078125,0.31699453125,0.35053077278498934,0.10486375875131237
544,0,2331.0,7.0,100.0,10,24.666459765625,1.01200703125,-3.38899571091732,-3.475166886502368
545,0,2331.0,8.0,1000.0,30,1.5143484375,0.31474140625,-0.720039496463798,-2.17438352634283
546,0,2331.0,8.0,20.0,10,1.083784375,0.22920390624999998,0.25765720446373486,-1.3125920741915724
547,0,2331.0,8.0,50.0,10,1.356589453125,0.29706328125000003,0.6460599247341963,0.20880369730507387
550,0,2331.0,8.0,100.0,10,17.1378953125,0.959084375,-0.9681470267728094,-1.062469646539295
